20379719440,100 PRE FELIZ S.A.,5520,Industria General,RESTAURANT WA LOK,walok@walok.com.pe,www.walok.com.pe,GG,Gerente General,Srta.,Carolina,Wu,,,TURISMO,TOURISM,RESTAURANTES,"Restaurantes, bares y cantinas","Restaurants, bars and canteens",,MEDIANA EMPRESA/ Medium-Sized Company
20379719440,100 PRE FELIZ S.A.,5520,Industria General,RESTAURANT WA LOK,walok@walok.com.pe,www.walok.com.pe,PD,Presidente de Directorio,Sr.,Li Ken,Chang,,,TURISMO,TOURISM,RESTAURANTES,"Restaurantes, bares y cantinas","Restaurants, bars and canteens",,MEDIANA EMPRESA/ Medium-Sized Company
20379719440,100 PRE FELIZ S.A.,5520,Industria General,RESTAURANT WA LOK,walok@walok.com.pe,www.walok.com.pe,AD,Administradora,Srta.,Liliana,Com,,,TURISMO,TOURISM,RESTAURANTES,"Restaurantes, bares y cantinas","Restaurants, bars and canteens",,MEDIANA EMPRESA/ Medium-Sized Company
20504021182,121 RELATIONSHIP MARKETING S.A.,7430,Industria General,,contacto@121rm.com,www.121rm.com,GX,Director Gerente,Sr.,Benjamín ,Edwards,Astaburuaga,benjamin_edwards@121rm.com,CONSULTORIAS Y SERVICIOS,CONSULTANCY AND SERVICES,PUBLICIDAD,Publicidad,Advertising,,MEDIANA EMPRESA/ Medium-Sized Company
20504021182,121 RELATIONSHIP MARKETING S.A.,7430,Industria General,,contacto@121rm.com,www.121rm.com,GG,Gerente General,Sr.,Alejandro ,Trípoli,Bolsa,alejandro.tripoli@121rm.com,CONSULTORIAS Y SERVICIOS,CONSULTANCY AND SERVICES,PUBLICIDAD,Publicidad,Advertising,,MEDIANA EMPRESA/ Medium-Sized Company
20504021182,121 RELATIONSHIP MARKETING S.A.,7430,Industria General,,contacto@121rm.com,www.121rm.com,GX,Director Gerente,Sr.,Gonzalo ,Calmet,Papanicolau,gonzalo_calmet@121rm.com,CONSULTORIAS Y SERVICIOS,CONSULTANCY AND SERVICES,PUBLICIDAD,Publicidad,Advertising,,MEDIANA EMPRESA/ Medium-Sized Company
20504021182,121 RELATIONSHIP MARKETING S.A.,7430,Industria General,,contacto@121rm.com,www.121rm.com,GF,Gerente de Finanzas,Srta.,Ana,López,Miranda,ana_lopez@121rm.com,CONSULTORIAS Y SERVICIOS,CONSULTANCY AND SERVICES,PUBLICIDAD,Publicidad,Advertising,,MEDIANA EMPRESA/ Medium-Sized Company
20504021182,121 RELATIONSHIP MARKETING S.A.,7430,Industria General,,contacto@121rm.com,www.121rm.com,ASI,Asistente de Gerencia General,Srta.,Fabiola,Gayoso,Martínez,fabiola_gayoso@121rm.com,CONSULTORIAS Y SERVICIOS,CONSULTANCY AND SERVICES,PUBLICIDAD,Publicidad,Advertising,,MEDIANA EMPRESA/ Medium-Sized Company
20504021182,121 RELATIONSHIP MARKETING S.A.,7430,Industria General,,contacto@121rm.com,www.121rm.com,GN,Director de RAPP,Srta.,Gisella,Paul,,gisella.paul@121rapp.com,CONSULTORIAS Y SERVICIOS,CONSULTANCY AND SERVICES,PUBLICIDAD,Publicidad,Advertising,,MEDIANA EMPRESA/ Medium-Sized Company